[
    {
        "killer": "Pinhead",
        "perks": [
            "STBFL",
            "Corrupt",
            "Ruin",
            "BBQ"
        ]
    },
    {
        "killer": "Trapper",
        "perks": [
            "NOED",
            "Ruin",
            "Lightborn",
            "Thanatophobia"
        ]
    },
    {
        "killer": "Ghostface",
        "perks": [
            "Jolt",
            "Nurses",
            "Corrupt",
            "Ruin"
        ]
    },
    {
        "killer": "Oni",
        "perks": [
            "Tinkerer",
            "Pain Resonance",
            "Infectious",
            "BBQ"
        ]
    },
    {
        "killer": "Pig",
        "perks": [
            "Surveilance",
            "Make Your Choice",
            "Overcharge",
            "BBQ"
        ]
    },
    {
        "killer": "Doctor",
        "perks": [
            "STBFL",
            "Thanatophobia",
            "Distressing",
            "NOED"
        ]
    },
    {
        "killer": "Nemesis",
        "perks": [
            "Ruin",
            "Thanatophobia",
            "NOED",
            "Pop"
        ]
    },
    {
        "killer": "Ghostface",
        "perks": [
            "Pop",
            "Ruin",
            "Corrupt",
            "NOED"
        ]
    },
    {
        "killer": "Trickster",
        "perks": [
            "Starstruck",
            "NOED",
            "Corrupt",
            "No Way Out"
        ]
    },
    {
        "killer": "Pig",
        "perks": [
            "Haunted Ground",
            "Thanatophobia",
            "Make Your Choice",
            "Thrilling Tremors"
        ]
    },
    {
        "killer": "Blight",
        "perks": [
            "Dragons Grip",
            "Blood Favor",
            "Undying",
            "Fearmonger"
        ]
    },
    {
        "killer": "Wraith",
        "perks": [
            "Lethal Pursuer",
            "Pentimento",
            "Lightborn",
            "NOED"
        ]
    },
    {
        "killer": "Nemesis",
        "perks": [
            "Lethal Pursuer",
            "Discordance",
            "Nurses",
            "Sloppy Butcher"
        ]
    },
    {
        "killer": "Huntress",
        "perks": [
            "Pain Resonance",
            "Pop",
            "Iron Maiden",
            "Thanatophobia"
        ]
    },
    {
        "killer": "Nemesis",
        "perks": [
            "Lethal Pursuer",
            "Plaything",
            "Jolt",
            "BBQ"
        ]
    },
    {
        "killer": "Doctor",
        "perks": [
            "BBQ",
            "Overcharge",
            "Thanatophobia",
            "NOED"
        ]
    },
    {
        "killer": "Bubba",
        "perks": [
            "BBQ",
            "Ruin",
            "Pop",
            "No Way Out"
        ]
    },
    {
        "killer": "Trickster",
        "perks": [
            "Bamboozle",
            "Lightborn",
            "BBQ",
            "NOED"
        ]
    },
    {
        "killer": "Bubba",
        "perks": [
            "BBQ",
            "Bamboozle",
            "Pop",
            "Tinkerer"
        ]
    },
    {
        "killer": "Oni",
        "perks": [
            "Nemesis",
            "Empty",
            "Empty",
            "Empty"
        ]
    },
    {
        "killer": "Billy",
        "perks": [
            "Tinkerer",
            "Dead Mans Switch",
            "Pop",
            "Bamboozle"
        ]
    },
    {
        "killer": "Deathslinger",
        "perks": [
            "BBQ",
            "Monitor & Abuse",
            "Pop",
            "Nurses"
        ]
    },
    {
        "killer": "Huntress",
        "perks": [
            "Lullaby",
            "Distressing",
            "Jolt",
            "Lethal Pursuer"
        ]
    },
    {
        "killer": "Pyramid Head",
        "perks": [
            "Corrupt",
            "Jolt",
            "Trail Of Torment",
            "Pop"
        ]
    },
    {
        "killer": "Huntress",
        "perks": [
            "BBQ",
            "Pop",
            "Iron Maiden",
            "Shadowborn"
        ]
    },
    {
        "killer": "Pyramid Head",
        "perks": [
            "Pop",
            "BBQ",
            "I'm All Ears",
            "Infectious"
        ]
    },
    {
        "killer": "Nurse",
        "perks": [
            "Monitor & Abuse",
            "Thanatophobia",
            "Ruin",
            "Surveilance"
        ]
    },
    {
        "killer": "Twins",
        "perks": [
            "Coup De Grâce",
            "Oppresion",
            "Empty",
            "Empty"
        ]
    },
    {
        "killer": "Huntress",
        "perks": [
            "BBQ",
            "Corrupt",
            "Shadowborn",
            "Iron Maiden"
        ]
    },
    {
        "killer": "Clown",
        "perks": [
            "Pop",
            "NOED",
            "Thanatophobia",
            "Bamboozle"
        ]
    },
    {
        "killer": "Pig",
        "perks": [
            "Hangmans Trick",
            "Corrupt",
            "Empty",
            "Empty"
        ]
    },
    {
        "killer": "Michael",
        "perks": [
            "Brutal Strength",
            "NOED",
            "BBQ",
            "STBFL"
        ]
    },
    {
        "killer": "Bubba",
        "perks": [
            "Crowd Control",
            "Tinkerer",
            "Enduring",
            "Lightborn"
        ]
    },
    {
        "killer": "Spirit",
        "perks": [
            "Crowd Control",
            "Iron Grasp",
            "Spirit Fury",
            "Rancor"
        ]
    },
    {
        "killer": "Oni",
        "perks": [
            "Monitor & Abuse",
            "Infectious",
            "BBQ",
            "No Way Out"
        ]
    },
    {
        "killer": "Huntress",
        "perks": [
            "Pop",
            "Iron Grasp",
            "Discordance",
            "NOED"
        ]
    },
    {
        "killer": "Billy",
        "perks": [
            "Tinkerer",
            "Pop",
            "BBQ",
            "NOED"
        ]
    },
    {
        "killer": "Pinhead",
        "perks": [
            "Plaything",
            "Ruin",
            "Pop",
            "BBQ"
        ]
    },
    {
        "killer": "Michael",
        "perks": [
            "Play With Your Food",
            "STBFL",
            "Jolt",
            "Bamboozle"
        ]
    },
    {
        "killer": "Doctor",
        "perks": [
            "Overcharge",
            "NOED",
            "Deerstalker",
            "BBQ"
        ]
    },
    {
        "killer": "Pig",
        "perks": [
            "Deerstalker",
            "Sloppy Butcher",
            "Surveilance",
            "Make Your Choice"
        ]
    },
    {
        "killer": "Huntress",
        "perks": [
            "BBQ",
            "Corrupt",
            "Discordance",
            "Pop"
        ]
    },
    {
        "killer": "Michael",
        "perks": [
            "STBFL",
            "Ruin",
            "Play With Your Food",
            "Nurses"
        ]
    },
    {
        "killer": "Michael",
        "perks": [
            "STBFL",
            "Bamboozle",
            "Pop",
            "Fire Up"
        ]
    },
    {
        "killer": "Huntress",
        "perks": [
            "Grim Embrace",
            "BBQ",
            "Pop",
            "NOED"
        ]
    },
    {
        "killer": "Freddy",
        "perks": [
            "Discordance",
            "Ruin",
            "Jolt",
            "STBFL"
        ]
    },
    {
        "killer": "Blight",
        "perks": [
            "Ruin",
            "Devour Hope",
            "Undying",
            "Fearmonger"
        ]
    },
    {
        "killer": "Trapper",
        "perks": [
            "Corrupt",
            "Whispers",
            "Agitation",
            "Iron Grasp"
        ]
    },
    {
        "killer": "Nurse",
        "perks": [
            "Thanatophobia",
            "Nurses",
            "Bloodwarden",
            "No Way Out"
        ]
    },
    {
        "killer": "Legion",
        "perks": [
            "Corrupt",
            "Ruin",
            "Undying",
            "No Way Out"
        ]
    },
    {
        "killer": "Pig",
        "perks": [
            "BBQ",
            "STBFL",
            "Hangmans Trick",
            "Pop"
        ]
    },
    {
        "killer": "Pig",
        "perks": [
            "Lightborn",
            "Spirit Fury",
            "Enduring",
            "BBQ"
        ]
    },
    {
        "killer": "Huntress",
        "perks": [
            "Ruin",
            "Iron Maiden",
            "BBQ",
            "I'm All Ears"
        ]
    },
    {
        "killer": "Trapper",
        "perks": [
            "Nurses",
            "Deerstalker",
            "Bitter Murmur",
            "NOED"
        ]
    },
    {
        "killer": "Nemesis",
        "perks": [
            "Hysteria",
            "Eruption",
            "Lethal Pursuer",
            "Empty"
        ]
    },
    {
        "killer": "Pig",
        "perks": [
            "Hangmans Trick",
            "Surveilance",
            "Make Your Choice",
            "Empty"
        ]
    },
    {
        "killer": "Pyramid Head",
        "perks": [
            "Fire Up",
            "Fearmonger",
            "Forced Penance",
            "Jolt"
        ]
    },
    {
        "killer": "Nurse",
        "perks": [
            "Fearmonger",
            "Jolt",
            "Shadowborn",
            "Nurses"
        ]
    }, 
    {
        "killer": "Spirit",
        "perks": [
            "Iron Grasp",
            "Stridor",
            "Pop",
            "Pain Resonance"
        ]
    },
    {
        "killer": "Artist",
        "perks": [
            "Dead Mans Switch",
            "Jolt",
            "Pain Resonance",
            "Pop"
        ]
    },
    {
        "killer": "Nemesis",
        "perks": [
            "STBFL",
            "Ruin",
            "Lethal Pursuer",
            "BBQ"
        ]
    },
    {
        "killer": "Deathslinger",
        "perks": [
            "Monitor & Abuse",
            "Dark Devotion",
            "BBQ",
            "Dead Mans Switch"
        ]
    },
    {
        "killer": "Nurse",
        "perks": [
            "Tinkerer",
            "Ruin",
            "Pop",
            "Starstruck"
        ]
    },
    {
        "killer": "Ghostface",
        "perks": [
            "Pop",
            "Devour Hope",
            "Thrilling Tremors",
            "STBFL"
        ]
    },
    {
        "killer": "Nemesis",
        "perks": [
            "Oppression",
            "Pop",
            "Tinkerer",
            "NOED"
        ]
    },
    {
        "killer": "Wraith",
        "perks": [
            "BBQ",
            "Corrupt",
            "Bamboozle",
            "Pop"
        ]
    },
    {
        "killer": "Bubba",
        "perks": [
            "Infectious",
            "BBQ",
            "Bamboozle",
            "Pop"
        ]
    },
    {
        "killer": "Trickster",
        "perks": [
            "Agitation",
            "Thrilling Tremors",
            "Corrupt",
            "BBQ"
        ]
    },
    {
        "killer": "Pig",
        "perks": [
            "Fearmonger",
            "Pop",
            "Bamboozle",
            "Surveilance"
        ]
    },
    {
        "killer": "Pig",
        "perks": [
            "Corrupt",
            "Pop",
            "BBQ",
            "STBFL"
        ]
    },
    {
        "killer": "Blight",
        "perks": [
            "Pop",
            "Tinkerer",
            "BBQ",
            "NOED"
        ]
    },
    {
        "killer": "Nurse",
        "perks": [
            "Bitter Murmur",
            "Jolt",
            "Thanatophobia",
            "Nurses"
        ]
    },
    {
        "killer": "Artist",
        "perks": [
            "BBQ",
            "Pain Resonance",
            "Claustrophobia",
            "Pentimento"
        ]
    },
    {
        "killer": "Wraith",
        "perks": [
            "Shadowborn",
            "Iron Grasp",
            "Corrupt",
            "Thanatophobia"
        ]
    },
    {
        "killer": "Trapper",
        "perks": [
            "Nurses",
            "Overcharge",
            "Devour Hope",
            "Thanatophobia"
        ]
    },
    {
        "killer": "Wraith",
        "perks": [
            "Shadowborn",
            "Bloodhound",
            "Predator",
            "Empty"
        ]
    },
    {
        "killer": "Huntress",
        "perks": [
            "No Way Out",
            "Bloodwarden",
            "Lethal Pursuer",
            "Iron Maiden"
        ]
    },
    {
        "killer": "Trapper",
        "perks": [
            "NOED",
            "Lightborn",
            "Corrupt",
            "Dead Mans Switch"
        ]
    },
    {
        "killer": "Blight",
        "perks": [
            "Nurses",
            "Enduring",
            "Blood Favor",
            "BBQ"
        ]
    },
    {
        "killer": "Nurse",
        "perks": [
            "Pain Resonance",
            "Agitation",
            "Infectious",
            "Starstruck"
        ]
    },
    {
        "killer": "Demogorgon",
        "perks": [
            "Jolt",
            "Spirit Fury",
            "Enduring",
            "STBFL"
        ]
    },
    {
        "killer": "Clown",
        "perks": [
            "Jolt",
            "Lullaby",
            "NOED",
            "Bamboozle"
        ]
    },
    {
        "killer": "Artist",
        "perks": [
            "Pain Resonance",
            "Pentimento",
            "Ruin",
            "Dead Mans Switch"
        ]
    },
    {
        "killer": "Trickster",
        "perks": [
            "Agitation",
            "Enduring",
            "Iron Grasp",
            "Crowd Control"
        ]
    },
    {
        "killer": "Doctor",
        "perks": [
            "Ruin",
            "STBFL",
            "BBQ",
            "Jolt"
        ]
    },
    {
        "killer": "Trickster",
        "perks": [
            "Ruin",
            "Corrupt",
            "Pain Resonance",
            "Iron Maiden"
        ]
    },
    {
        "killer": "Trapper",
        "perks": [
            "Bamboozle",
            "Brutal Strength",
            "NOED",
            "Agitation"
        ]
    },
    {
        "killer": "Bubba",
        "perks": [
            "Fearmonger",
            "Ruin",
            "BBQ",
            "Undying"
        ]
    },
    {
        "killer": "Artist",
        "perks": [
            "Pain Resonance",
            "Ruin",
            "BBQ",
            "Corrupt"
        ]
    },
    {
        "killer": "Wraith",
        "perks": [
            "NOED",
            "Unrelenting",
            "Fearmonger",
            "Iron Grasp"
        ]
    },
    {
        "killer": "Blight",
        "perks": [
            "Pop",
            "Shadowborn",
            "Corrupt",
            "Ruin"
        ]
    },
    {
        "killer": "Nemesis",
        "perks": [
            "Eruption",
            "NOED",
            "Empty",
            "Empty"
        ]
    },
    {
        "killer": "Nemesis",
        "perks": [
            "Ruin",
            "Dying Light",
            "Bloodwarden",
            "Jolt"
        ]
    },
    {
        "killer": "Doctor",
        "perks": [
            "No Way Out",
            "Ruin",
            "Whispers",
            "BBQ"
        ]
    },
    {
        "killer": "Ghostface",
        "perks": [
            "Sloppy Butcher",
            "Thrilling Tremors",
            "Pop",
            "Jolt"
        ]
    },
    {
        "killer": "Huntress",
        "perks": [
            "Lullaby",
            "NOED",
            "Enduring",
            "Sloppy Butcher"
        ]
    },
    {
        "killer": "Wraith",
        "perks": [
            "BBQ",
            "Pain Resonance",
            "Dead Mans Switch",
            "Nemesis"
        ]
    },
    {
        "killer": "Billy",
        "perks": [
            "BBQ",
            "Nurses",
            "Bloodwarden",
            "Tinkerer"
        ]
    },
    {
        "killer": "Michael",
        "perks": [
            "STBFL",
            "Brutal Strength",
            "Iron Grasp",
            "Bitter Murmur"
        ]
    },
    {
        "killer": "Nemesis",
        "perks": [
            "Unrelenting",
            "Jolt",
            "Zenshin Tactics",
            "Bitter Murmur"
        ]
    },
    {
        "killer": "Wraith",
        "perks": [
            "Iron Grasp",
            "Insidious",
            "Predator",
            "Unrelenting"
        ]
    },
    {
        "killer": "Trapper",
        "perks": [
            "Jolt",
            "Fearmonger",
            "Enduring",
            "Bitter Murmur"
        ]
    }
]